Workbook

Sheet 표지
B2: 건설공사 위험성평가표
B4: (산업안전보건법 제36조 및 사업장 위험성평가에 관한 지침 기준)
B6: 1. 현장 개요
B7: 현장(사업장)명 | D7: 공사명
B8: 소재지 | D8: 발주처
B9: 시공사 | D9: 공사기간
B10: 평가대상 공정 | D10: 평가일자
B11: 평가자(작성자) | D11: 직책
B12: 검토자 | D12: 결재(승인)자
B14: 2. 위험성평가 실시 목적
B15: 사업장 내 유해·위험요인을 사전에 찾아내어 위험성의 크기(빈도×강도)를 추정·결정하고, 허용 가능한 수준으로 감소시키기 위한 대책을 수립·실행함으로써 산업재해를 예방하고 근로자의 안전과 보건을 확보하기 위함.
B19: 3. 구성
B20: ① 위험성평가 기준표 | C20: 가능성(빈도)·중대성(강도) 등급 기준 및 위험성 수준(매트릭스) 정의
B21: ② 위험성평가표 | C21: 공정·작업별 유해위험요인 파악, 위험성 추정·결정, 감소대책 및 개선 후 재평가
B22: ③ 개선대책 이행확인 | C22: 감소대책 이행 여부 확인 및 완료일 관리 대장
B24: 노란색 음영 셀에 현장 정보를 입력하세요. (예시 행은 참고 후 삭제·수정하여 사용)

Sheet 위험성평가 기준표
B2: 위험성평가 기준표
B4: 1. 가능성(빈도) 평가기준
B5: 등급 | C5: 구분 | D5: 평가기준
B6: 1 | C6: 거의 발생하지 않음 | D6: 특별한 상황에서만 발생 가능 (연 1회 미만)
B7: 2 | C7: 발생 가능성 낮음 | D7: 예외적인 상황에서 발생 가능 (연 1~2회)
B8: 3 | C8: 때때로 발생 | D8: 특정 조건에서 발생 가능 (월 1회 이상)
B9: 4 | C9: 발생 가능성 높음 | D9: 작업 중 자주 발생할 수 있음 (주 1회 이상)
B10: 5 | C10: 매우 빈번히 발생 | D10: 상시적으로 발생 가능 (일 1회 이상, 상존 위험)
B12: 2. 중대성(강도) 평가기준
B13: 등급 | C13: 구분 | D13: 평가기준
B14: 1 | C14: 경미 | D14: 응급조치 후 정상작업 가능 (부상 없음/경미한 불편)
B15: 2 | C15: 경상 | D15: 병원 통원 치료 수준의 경미한 부상 (휴업재해 미만)
B16: 3 | C16: 중등도 | D16: 일정 기간 치료가 필요한 부상 (휴업재해, 부분 휴업)
B17: 4 | C17: 중상 | D17: 장기 치료·후유증이 남는 중대한 부상 (신체장해, 장기휴업)
B18: 5 | C18: 치명적 | D18: 사망 또는 영구적 장해를 초래하는 재해 (사망, 중대재해)
B20: 3. 위험성 매트릭스 (위험성 = 가능성 × 중대성)
B21: 가능성 | C21: 중대성(강도)
C22: 1 | D22: 2 | E22: 3 | F22: 4 | G22: 5
B23: 5 | C23: 5 | D23: 10 | E23: 15 | F23: 20 | G23: 25
B24: 4 | C24: 4 | D24: 8 | E24: 12 | F24: 16 | G24: 20
B25: 3 | C25: 3 | D25: 6 | E25: 9 | F25: 12 | G25: 15
B26: 2 | C26: 2 | D26: 4 | E26: 6 | F26: 8 | G26: 10
B27: 1 | C27: 1 | D27: 2 | E27: 3 | F27: 4 | G27: 5
B29: 4. 위험성 수준 및 허용 가능 여부 판단기준
B30: 위험성 점수 | C30: 위험 수준 | D30: 색상 | F30: 허용가능 여부 및 조치기준
B31: 16 ~ 25 | C31: 매우높음 | F31: 허용 불가 - 즉시 작업중지 후 개선, 개선 전 작업 금지
B32: 10 ~ 15 | C32: 높음 | F32: 우선 개선 - 단기간(가능한 즉시) 내 감소대책 수립·이행
B33: 5 ~ 9 | C33: 보통 | F33: 계획적 개선 - 중장기 계획을 수립하여 관리·개선
B34: 1 ~ 4 | C34: 낮음 | F34: 허용 가능 - 현재 안전조치 유지 및 지속 관리
B36: ※ 본 기준은 KOSHA(한국산업안전보건공단) 위험성평가 지침을 참고하여 작성한 예시이며, 사업장 특성에 맞게 조정하여 사용하십시오.

Sheet 위험성평가표
A1: 위 험 성 평 가 표
A2: 현장(사업장)명: | E2: =IF(표지!C7="","",표지!C7) | K2: 평가일자: | N2: =IF(표지!E10="","",표지!E10)
A3: No | B3: 공정명 | C3: 작업내용 | D3: 유해·위험요인 | E3: 관련 근거 | F3: 현재 안전보건조치 | G3: 위험성 추정·결정(개선전) | K3: 감소대책 | L3: 위험성 재평가(개선후) | P3: 담당자 | Q3: 조치완료일 | R3: 비고
G4: 가능성 | H4: 중대성 | I4: 위험성 | J4: 수준 | L4: 가능성 | M4: 중대성 | N4: 위험성 | O4: 수준
A5: 1 | B5: 가설공사 | C5: 비계 설치 작업 | D5: 고소작업 중 추락, 비계 자재 낙하 | E5: 산업안전보건기준에 관한 규칙 제42조 | F5: 안전대 착용, 작업발판 설치, 하부 출입통제 | G5: 4 | H5: 5 | I5: =G5*H5 -> 20 | J5: =IF(I5>=16,"매우높음",IF(I5>=10,"높음",IF(I5>=5,"보통","낮음"))) -> 매우높음 | K5: 안전대 걸이시설 설치 및 착용 상태 확인, 낙하물 방지망 설치, 작업지휘자 배치 | L5: 2 | M5: 5 | N5: =L5*M5 -> 10 | O5: =IF(N5>=16,"매우높음",IF(N5>=10,"높음",IF(N5>=5,"보통","낮음"))) -> 높음 | P5: 안전관리자 | Q5: 2026-09-30
A6: 2 | B6: 굴착공사 | C6: 터파기 및 흙막이 작업 | D6: 토사 붕괴, 매설물(가스관 등) 손상 | E6: 산업안전보건기준에 관한 규칙 제338조 | F6: 흙막이 지보공 설치, 지반 계측관리 | G6: 3 | H6: 5 | I6: =G6*H6 -> 15 | J6: =IF(I6>=16,"매우높음",IF(I6>=10,"높음",IF(I6>=5,"보통","낮음"))) -> 높음 | K6: 굴착면 기울기 준수, 매설물 사전 조사 및 표시, 계측기 설치 후 일일 점검 | L6: 2 | M6: 5 | N6: =L6*M6 -> 10 | O6: =IF(N6>=16,"매우높음",IF(N6>=10,"높음",IF(N6>=5,"보통","낮음"))) -> 높음 | P6: 공사감독자 | Q6: 2026-09-25
A7: 3 | B7: 전기공사 | C7: 가설 전기설비 작업 | D7: 감전, 누전으로 인한 화재 | E7: 산업안전보건기준에 관한 규칙 제301조 | F7: 누전차단기 설치, 접지 실시 | G7: 3 | H7: 4 | I7: =G7*H7 -> 12 | J7: =IF(I7>=16,"매우높음",IF(I7>=10,"높음",IF(I7>=5,"보통","낮음"))) -> 높음 | K7: 정기 절연저항 측정, 습윤장소 방수형 콘센트 사용, 작업 전 검전 실시 | L7: 1 | M7: 4 | N7: =L7*M7 -> 4 | O7: =IF(N7>=16,"매우높음",IF(N7>=10,"높음",IF(N7>=5,"보통","낮음"))) -> 낮음 | P7: 전기안전관리자 | Q7: 2026-09-20
A8: 4 | B8: 양중공사 | C8: 타워크레인 인양 작업 | D8: 인양물 낙하, 크레인 전도 | E8: 산업안전보건기준에 관한 규칙 제146조 | F8: 정격하중 준수, 신호수 배치 | G8: 3 | H8: 5 | I8: =G8*H8 -> 15 | J8: =IF(I8>=16,"매우높음",IF(I8>=10,"높음",IF(I8>=5,"보통","낮음"))) -> 높음 | K8: 인양경로 하부 통제구역 설정, 와이어로프 정기점검, 강풍 시 작업중지 기준 수립 | L8: 1 | M8: 5 | N8: =L8*M8 -> 5 | O8: =IF(N8>=16,"매우높음",IF(N8>=10,"높음",IF(N8>=5,"보통","낮음"))) -> 보통 | P8: 양중기 운전자 | Q8: 2026-09-15
A9: 5 | B9: 콘크리트공사 | C9: 타설 및 양생 작업 | D9: 거푸집·동바리 붕괴 | E9: 산업안전보건기준에 관한 규칙 제332조 | F9: 동바리 설치기준 준수, 타설 순서 계획 | G9: 2 | H9: 5 | I9: =G9*H9 -> 10 | J9: =IF(I9>=16,"매우높음",IF(I9>=10,"높음",IF(I9>=5,"보통","낮음"))) -> 높음 | K9: 동바리 조립도 검토 및 검측, 콘크리트 타설 속도 조절, 붕괴 위험구간 접근 통제 | L9: 1 | M9: 5 | N9: =L9*M9 -> 5 | O9: =IF(N9>=16,"매우높음",IF(N9>=10,"높음",IF(N9>=5,"보통","낮음"))) -> 보통 | P9: 품질관리자 | Q9: 2026-09-10
A10: 6 | I10: =G10*H10 -> 0 | J10: =IF(I10>=16,"매우높음",IF(I10>=10,"높음",IF(I10>=5,"보통","낮음"))) -> 낮음 | N10: =L10*M10 -> 0 | O10: =IF(N10>=16,"매우높음",IF(N10>=10,"높음",IF(N10>=5,"보통","낮음"))) -> 낮음
A11: 7 | I11: =G11*H11 -> 0 | J11: =IF(I11>=16,"매우높음",IF(I11>=10,"높음",IF(I11>=5,"보통","낮음"))) -> 낮음 | N11: =L11*M11 -> 0 | O11: =IF(N11>=16,"매우높음",IF(N11>=10,"높음",IF(N11>=5,"보통","낮음"))) -> 낮음
A12: 8 | I12: =G12*H12 -> 0 | J12: =IF(I12>=16,"매우높음",IF(I12>=10,"높음",IF(I12>=5,"보통","낮음"))) -> 낮음 | N12: =L12*M12 -> 0 | O12: =IF(N12>=16,"매우높음",IF(N12>=10,"높음",IF(N12>=5,"보통","낮음"))) -> 낮음
A13: 9 | I13: =G13*H13 -> 0 | J13: =IF(I13>=16,"매우높음",IF(I13>=10,"높음",IF(I13>=5,"보통","낮음"))) -> 낮음 | N13: =L13*M13 -> 0 | O13: =IF(N13>=16,"매우높음",IF(N13>=10,"높음",IF(N13>=5,"보통","낮음"))) -> 낮음
A14: 10 | I14: =G14*H14 -> 0 | J14: =IF(I14>=16,"매우높음",IF(I14>=10,"높음",IF(I14>=5,"보통","낮음"))) -> 낮음 | N14: =L14*M14 -> 0 | O14: =IF(N14>=16,"매우높음",IF(N14>=10,"높음",IF(N14>=5,"보통","낮음"))) -> 낮음
A15: 11 | I15: =G15*H15 -> 0 | J15: =IF(I15>=16,"매우높음",IF(I15>=10,"높음",IF(I15>=5,"보통","낮음"))) -> 낮음 | N15: =L15*M15 -> 0 | O15: =IF(N15>=16,"매우높음",IF(N15>=10,"높음",IF(N15>=5,"보통","낮음"))) -> 낮음
A16: 12 | I16: =G16*H16 -> 0 | J16: =IF(I16>=16,"매우높음",IF(I16>=10,"높음",IF(I16>=5,"보통","낮음"))) -> 낮음 | N16: =L16*M16 -> 0 | O16: =IF(N16>=16,"매우높음",IF(N16>=10,"높음",IF(N16>=5,"보통","낮음"))) -> 낮음
A17: 13 | I17: =G17*H17 -> 0 | J17: =IF(I17>=16,"매우높음",IF(I17>=10,"높음",IF(I17>=5,"보통","낮음"))) -> 낮음 | N17: =L17*M17 -> 0 | O17: =IF(N17>=16,"매우높음",IF(N17>=10,"높음",IF(N17>=5,"보통","낮음"))) -> 낮음
A18: 14 | I18: =G18*H18 -> 0 | J18: =IF(I18>=16,"매우높음",IF(I18>=10,"높음",IF(I18>=5,"보통","낮음"))) -> 낮음 | N18: =L18*M18 -> 0 | O18: =IF(N18>=16,"매우높음",IF(N18>=10,"높음",IF(N18>=5,"보통","낮음"))) -> 낮음
A19: 15 | I19: =G19*H19 -> 0 | J19: =IF(I19>=16,"매우높음",IF(I19>=10,"높음",IF(I19>=5,"보통","낮음"))) -> 낮음 | N19: =L19*M19 -> 0 | O19: =IF(N19>=16,"매우높음",IF(N19>=10,"높음",IF(N19>=5,"보통","낮음"))) -> 낮음
A20: 16 | I20: =G20*H20 -> 0 | J20: =IF(I20>=16,"매우높음",IF(I20>=10,"높음",IF(I20>=5,"보통","낮음"))) -> 낮음 | N20: =L20*M20 -> 0 | O20: =IF(N20>=16,"매우높음",IF(N20>=10,"높음",IF(N20>=5,"보통","낮음"))) -> 낮음
A21: 17 | I21: =G21*H21 -> 0 | J21: =IF(I21>=16,"매우높음",IF(I21>=10,"높음",IF(I21>=5,"보통","낮음"))) -> 낮음 | N21: =L21*M21 -> 0 | O21: =IF(N21>=16,"매우높음",IF(N21>=10,"높음",IF(N21>=5,"보통","낮음"))) -> 낮음
... A24: 20 | I24: =G24*H24 -> 0 | J24: =IF(I24>=16,"매우높음",IF(I24>=10,"높음",IF(I24>=5,"보통","낮음"))) -> 낮음 | N24: =L24*M24 -> 0 | O24: =IF(N24>=16,"매우높음",IF(N24>=10,"높음",IF(N24>=5,"보통","낮음"))) -> 낮음
A26: ※ 회색 음영(1~5행 예시)은 작성 예시입니다. 실제 평가 시 현장 상황에 맞게 수정하십시오. 노란색 셀은 직접 입력하는 항목이며, 가능성·중대성은 1~5 사이의 값을 입력하면 위험성·수준이 자동 계산됩니다.

Sheet 개선대책 이행확인
A1: 개선대책 이행확인 대장
A2: No | B2: 공정명 | C2: 유해·위험요인 | D2: 감소대책 | E2: 개선전 위험성 | F2: 개선후 위험성 | G2: 담당자 | H2: 계획 완료일 | I2: 실제 완료일 | J2: 이행 여부 | K2: 확인자 | L2: 비고
A3: 1 | B3: 가설공사 | C3: 비계 설치 작업 중 추락 | D3: =위험성평가표!K5 -> 안전대 걸이시설 설치 및 착용 상태 확인, 낙하물 방지망 설치, 작업지휘자 배치 | E3: =위험성평가표!I5 -> 20 | F3: =위험성평가표!N5 -> 10 | G3: 안전관리자 | H3: 2026-09-30 | J3: 진행중
A4: 2
A5: 3
A6: 4
A7: 5
A8: 6
A9: 7
A10: 8
A11: 9
A12: 10
A13: 11
A14: 12
A15: 13
... A23: 21
A25: ※ E~F열은 '위험성평가표' 시트 값을 자동 참조합니다(예시 1행). 신규 행 작성 시 동일한 방식으로 수식을 연결하거나 직접 입력하십시오.
