Workbook

Sheet 기초자료
B2: 노면요철포장(절삭식) 기초자료
B3: 아스콘 포장면 · 노란 셀(파란 글씨)만 수정 → '단가산출서' 시트 자동 계산
B5: 1. 노면요철 규격 (절삭형, 아스콘)
B6: 항목 | C6: 값 | D6: 단위 | H6: 비고
B7: 요철 길이 (차로 횡방향) | C7: 400 | D7: mm | H7: 노면요철포장 설치 및 관리지침 절삭형 범위 내 설계값 입력
B8: 요철 폭 (진행방향) | C8: 180 | D8: mm | H8: 절삭 드럼 직경에 따라 결정 (통상 150~180mm)
B9: 최대 절삭 깊이 | C9: 15 | D9: mm | H9: 통상 12~15mm
B10: 요철 중심간격 (진행방향) | C10: 300 | D10: mm | H10: 설계도서 기준
B11: 단면형상계수 (평균깊이/최대깊이) | C11: 0.67 | D11: - | H11: 원호(드럼) 단면 ≈ 2/3
B12: 아스콘 단위중량 | C12: 2.35 | D12: t/㎥ | H12: 절삭재 중량 환산용
B13: m당 요철 개수 | C13: =1000/C10 -> 3.3333333 | D13: 개/m | H13: 1,000 ÷ 중심간격
B14: m당 절삭량 | C14: =(C7/1000)*(C8/1000)*(C9/1000)*C11*C13 -> 0.002412 | D14: ㎥/m | H14: 길이 × 폭 × 깊이 × 형상계수 × 개수
B15: m당 절삭재 중량 | C15: =C14*C12 -> 0.0056682 | D15: t/m
B17: 2. 작업 조건
B18: 항목 | C18: 값 | D18: 단위 | H18: 비고
B19: 1일 시공 연장 | C19: 3000 | D19: m/일 | H19: 장비 성능·교통통제 여건·구간 분할에 따라 조정 (민감도 시트 참고)
B20: 1일 작업시간 | C20: 8 | D20: hr/일
B21: 경유 단가 | C21: 1600 | D21: 원/L | H21: 한국석유공사 오피넷 등 당해 지역 가격 확인
B22: 공구손료 요율 | C22: 0.03 | D22: 노무비의 | H22: 건설공사 표준품셈 공통 적용 기준 (인력품의 3%)
B23: 절삭재(폐아스콘) 처리단가 | C23: 25000 | D23: 원/t | H23: 운반+처리 포함 견적단가. 미반영 시 0 입력
B25: 3. 노임단가 (원/인·일)
B26: 직종 | C26: 노임단가 | H26: 비고
B27: 특별인부 | C27: 230000 | H27: 예시값 — 대한건설협회 당해 시중노임단가로 교체
B28: 보통인부 | C28: 175000 | H28: 예시값 — 대한건설협회 당해 시중노임단가로 교체
B29: 건설기계운전사 | C29: 250000 | H29: 예시값 — 대한건설협회 당해 시중노임단가로 교체
B30: 화물차운전사 | C30: 210000 | H30: 예시값 — 대한건설협회 당해 시중노임단가로 교체
B31: 신호수(교통정리) | C31: 175000 | H31: 예시값 — 대한건설협회 당해 시중노임단가로 교체
B33: 4. 건설기계 (시간당)
B34: 장비명 | C34: 손료(원/hr) | D34: 연료(L/hr) | E34: 잡품(연료비 %) | F34: 운전원 | G34: 투입대수 | H34: 비고
B35: 노면요철 절삭기 (드럼형, 스키드로더 부착식) | C35: 38000 | D35: 12 | E35: 0.2 | F35: 건설기계운전사 | G35: 1 | H35: 손료=상각+정비+관리비. 임대 시 임대료/8hr 입력, 연료 별도
B36: 노면청소차 (진공흡입식) | C36: 30000 | D36: 10 | E36: 0.2 | F36: 화물차운전사 | G36: 1 | H36: 절삭분 즉시 수거
B37: 살수차 (5,500L) | C37: 16000 | D37: 8 | E37: 0.2 | F37: 화물차운전사 | G37: 1 | H37: 분진 억제·드럼 냉각
B38: 덤프트럭 (4.5t) | C38: 9000 | D38: 7 | E38: 0.2 | F38: 화물차운전사 | G38: 0 | H38: 절삭재 별도 반출 시 1 입력 (처리단가에 운반 포함 시 0)
B40: 안전관리차량 (LMA 부착, 1일 임차) | C40: 300000 | D40: 원/대·일 | G40: 1 | H40: 작업구간 후방 방호. 투입대수 G열
B42: ※ 규격·노임·장비단가는 모두 예시값입니다. 설계 시 노면요철포장 설치 및 관리지침(국토교통부), 당해 연도 건설공사 표준품셈·시중노임단가·건설기계 경비산정 자료와 실제 견적으로 교체하십시오.

Sheet 단가산출서
B2: 노면요철포장(절삭식) 아스콘포장 단가산출서
B3: 산출단위: 1 m (시공 연장) · 1일 투입비 ÷ 1일 시공연장 방식
B5: 1일 시공연장 (m) | E5: =기초자료!C19 -> 3000 | G5: 1일 작업시간 (hr) | I5: =기초자료!C20 -> 8
B7: 구분 | C7: 품명 / 산출근거 | D7: 규격 | E7: 수량 | F7: 단위 | G7: 단가(원) | H7: 1일 금액(원) | I7: 재료비(원/m) | J7: 노무비(원/m) | K7: 경비(원/m) | L7: 비고
B8: 인력 | C8: 특별인부 | D8: 요철 배치·절삭기 보조 | E8: 1 | F8: 인 | G8: =기초자료!C27 -> 230000 | H8: =E8*G8 -> 230000 | I8: 0 | J8: =H8/$E$5 -> 76.666667 | K8: 0 | L8: 측점 마킹·품질확인
B9: 인력 | C9: 보통인부 | D9: 잔재 정리 | E9: 2 | F9: 인 | G9: =기초자료!C28 -> 175000 | H9: =E9*G9 -> 350000 | I9: 0 | J9: =H9/$E$5 -> 116.66667 | K9: 0
B10: 인력 | C10: 신호수(교통정리) | D10: 작업구간 전·후방 | E10: 2 | F10: 인 | G10: =기초자료!C31 -> 175000 | H10: =E10*G10 -> 350000 | I10: 0 | J10: =H10/$E$5 -> 116.66667 | K10: 0
B11: 장비 | C11: 노면요철 절삭기 손료 | E11: =기초자료!G35*$I$5 -> 8 | F11: hr | G11: =기초자료!C35 -> 38000 | H11: =E11*G11 -> 304000 | I11: 0 | J11: 0 | K11: =H11/$E$5 -> 101.33333
B12: 장비 | C12: 노면요철 절삭기 연료+잡품 | D12: 경유 | E12: =기초자료!G35*$I$5*기초자료!D35 -> 96 | F12: L | G12: =기초자료!C21*(1+기초자료!E35) -> 1920 | H12: =E12*G12 -> 184320 | I12: =H12/$E$5 -> 61.44 | J12: 0 | K12: 0 | L12: 연료비 × (1+잡품률)
B13: 장비 | C13: 노면요철 절삭기 운전원 | E13: =기초자료!G35 -> 1 | F13: 인 | G13: =INDEX(기초자료!C27:C31,MATCH(기초자료!F35,기초자료!B27:B31,0)) -> 250000 | H13: =E13*G13 -> 250000 | I13: 0 | J13: =H13/$E$5 -> 83.333333 | K13: 0
B14: 장비 | C14: 노면청소차 손료 | E14: =기초자료!G36*$I$5 -> 8 | F14: hr | G14: =기초자료!C36 -> 30000 | H14: =E14*G14 -> 240000 | I14: 0 | J14: 0 | K14: =H14/$E$5 -> 80
B15: 장비 | C15: 노면청소차 연료+잡품 | D15: 경유 | E15: =기초자료!G36*$I$5*기초자료!D36 -> 80 | F15: L | G15: =기초자료!C21*(1+기초자료!E36) -> 1920 | H15: =E15*G15 -> 153600 | I15: =H15/$E$5 -> 51.2 | J15: 0 | K15: 0 | L15: 연료비 × (1+잡품률)
B16: 장비 | C16: 노면청소차 운전원 | E16: =기초자료!G36 -> 1 | F16: 인 | G16: =INDEX(기초자료!C27:C31,MATCH(기초자료!F36,기초자료!B27:B31,0)) -> 210000 | H16: =E16*G16 -> 210000 | I16: 0 | J16: =H16/$E$5 -> 70 | K16: 0
B17: 장비 | C17: 살수차 손료 | E17: =기초자료!G37*$I$5 -> 8 | F17: hr | G17: =기초자료!C37 -> 16000 | H17: =E17*G17 -> 128000 | I17: 0 | J17: 0 | K17: =H17/$E$5 -> 42.666667
B18: 장비 | C18: 살수차 연료+잡품 | D18: 경유 | E18: =기초자료!G37*$I$5*기초자료!D37 -> 64 | F18: L | G18: =기초자료!C21*(1+기초자료!E37) -> 1920 | H18: =E18*G18 -> 122880 | I18: =H18/$E$5 -> 40.96 | J18: 0 | K18: 0 | L18: 연료비 × (1+잡품률)
B19: 장비 | C19: 살수차 운전원 | E19: =기초자료!G37 -> 1 | F19: 인 | G19: =INDEX(기초자료!C27:C31,MATCH(기초자료!F37,기초자료!B27:B31,0)) -> 210000 | H19: =E19*G19 -> 210000 | I19: 0 | J19: =H19/$E$5 -> 70 | K19: 0
B20: 장비 | C20: 덤프트럭 손료 | E20: =기초자료!G38*$I$5 -> 0 | F20: hr | G20: =기초자료!C38 -> 9000 | H20: =E20*G20 -> 0 | I20: 0 | J20: 0 | K20: =H20/$E$5 -> 0
B21: 장비 | C21: 덤프트럭 연료+잡품 | D21: 경유 | E21: =기초자료!G38*$I$5*기초자료!D38 -> 0 | F21: L | G21: =기초자료!C21*(1+기초자료!E38) -> 1920 | H21: =E21*G21 -> 0 | I21: =H21/$E$5 -> 0 | J21: 0 | K21: 0 | L21: 연료비 × (1+잡품률)
B22: 장비 | C22: 덤프트럭 운전원 | E22: =기초자료!G38 -> 0 | F22: 인 | G22: =INDEX(기초자료!C27:C31,MATCH(기초자료!F38,기초자료!B27:B31,0)) -> 210000 | H22: =E22*G22 -> 0 | I22: 0 | J22: =H22/$E$5 -> 0 | K22: 0
B23: 경비 | C23: 안전관리차량 (LMA) 임차 | E23: =기초자료!G40 -> 1 | F23: 대 | G23: =기초자료!C40 -> 300000 | H23: =E23*G23 -> 300000 | I23: 0 | J23: 0 | K23: =H23/$E$5 -> 100
B24: 경비 | C24: 절삭재(폐아스콘) 처리 | D24: t | E24: =기초자료!C15*$E$5 -> 17.0046 | F24: t | G24: =기초자료!C23 -> 25000 | H24: =E24*G24 -> 425115 | I24: 0 | J24: 0 | K24: =H24/$E$5 -> 141.705 | L24: 1일 절삭중량 × 처리단가
B25: 경비 | C25: 공구손료 | D25: 노무비의 | E25: =기초자료!C22 -> 0.03 | F25: 식 | G25: =SUM(J8:J24)*$E$5 -> 1600000 | H25: =E25*G25 -> 48000 | I25: 0 | J25: 0 | K25: =H25/$E$5 -> 16 | L25: 단가 = 1일 노무비 합계
B26: 합계 | H26: =SUM(H8:H25) -> 3505915 | I26: =SUM(I8:I25) -> 153.6 | J26: =SUM(J8:J25) -> 533.33333 | K26: =SUM(K8:K25) -> 481.705
B28: ■ 일위대가 요약
C29: 공종 | D29: 규격 | E29: 단위 | G29: 재료비 | H29: 노무비 | I29: 경비 | J29: 합계 | L29: 비고
C30: 노면요철포장 (절삭식, 아스콘) | D30: =TEXT(기초자료!C7,"0")&"×"&TEXT(기초자료!C8,"0")&"×"&TEXT(기초자료!C9,"0")&"mm" -> 400×180×15mm | E30: m | G30: =ROUNDDOWN(I26,0) -> 153 | H30: =ROUNDDOWN(J26,0) -> 533 | I30: =ROUNDDOWN(K26,0) -> 481 | J30: =SUM(G30:I30) -> 1167 | L30: 원 미만 절사
C31: 노면요철포장 (절삭식, 아스콘) — 개당 환산 | D31: 1개소(요철 1개) | E31: 개 | G31: =ROUNDDOWN(G30/기초자료!$C$13,0) -> 45 | H31: =ROUNDDOWN(H30/기초자료!$C$13,0) -> 159 | I31: =ROUNDDOWN(I30/기초자료!$C$13,0) -> 144 | J31: =SUM(G31:I31) -> 348 | L31: m당 ÷ m당 요철 개수
B33: ※ 기계경비는 손료(경비) · 연료·잡품(재료비) · 운전원(노무비)으로 분리 계상. 간접노무비·산재보험료·안전관리비·일반관리비·이윤 등 제경비는 원가계산서에서 별도 계상하십시오.

Sheet 민감도
B2: 1일 시공연장별 m당 단가 민감도
B3: 단가산출서의 1일 투입비(노무·장비·안전차량)는 고정, 연장에 비례하는 항목(절삭재 처리)은 m당 일정
B5: 1일 시공연장(m) | C5: 고정비(원/일) | D5: 변동비(원/m) | E5: m당 단가(원) | F5: 개당 단가(원) | G5: 비고
B6: 1000 | C6: =단가산출서!H26-단가산출서!H24 -> 3080800 | D6: =기초자료!$C$15*기초자료!$C$23 -> 141.705 | E6: =ROUNDDOWN(C6/B6+D6,0) -> 3222 | F6: =ROUNDDOWN(E6/기초자료!$C$13,0) -> 966
B7: 1500 | C7: =단가산출서!H26-단가산출서!H24 -> 3080800 | D7: =기초자료!$C$15*기초자료!$C$23 -> 141.705 | E7: =ROUNDDOWN(C7/B7+D7,0) -> 2195 | F7: =ROUNDDOWN(E7/기초자료!$C$13,0) -> 658
B8: 2000 | C8: =단가산출서!H26-단가산출서!H24 -> 3080800 | D8: =기초자료!$C$15*기초자료!$C$23 -> 141.705 | E8: =ROUNDDOWN(C8/B8+D8,0) -> 1682 | F8: =ROUNDDOWN(E8/기초자료!$C$13,0) -> 504
B9: 2500 | C9: =단가산출서!H26-단가산출서!H24 -> 3080800 | D9: =기초자료!$C$15*기초자료!$C$23 -> 141.705 | E9: =ROUNDDOWN(C9/B9+D9,0) -> 1374 | F9: =ROUNDDOWN(E9/기초자료!$C$13,0) -> 412
B10: 3000 | C10: =단가산출서!H26-단가산출서!H24 -> 3080800 | D10: =기초자료!$C$15*기초자료!$C$23 -> 141.705 | E10: =ROUNDDOWN(C10/B10+D10,0) -> 1168 | F10: =ROUNDDOWN(E10/기초자료!$C$13,0) -> 350 | G10: ← 현재 설계값
B11: 4000 | C11: =단가산출서!H26-단가산출서!H24 -> 3080800 | D11: =기초자료!$C$15*기초자료!$C$23 -> 141.705 | E11: =ROUNDDOWN(C11/B11+D11,0) -> 911 | F11: =ROUNDDOWN(E11/기초자료!$C$13,0) -> 273
B12: 5000 | C12: =단가산출서!H26-단가산출서!H24 -> 3080800 | D12: =기초자료!$C$15*기초자료!$C$23 -> 141.705 | E12: =ROUNDDOWN(C12/B12+D12,0) -> 757 | F12: =ROUNDDOWN(E12/기초자료!$C$13,0) -> 227
B13: 6000 | C13: =단가산출서!H26-단가산출서!H24 -> 3080800 | D13: =기초자료!$C$15*기초자료!$C$23 -> 141.705 | E13: =ROUNDDOWN(C13/B13+D13,0) -> 655 | F13: =ROUNDDOWN(E13/기초자료!$C$13,0) -> 196
