Workbook

Sheet 안내
B2: 산업안전보건관리비 집행 관리대장
B4: (건설업 산업안전보건관리비 계상 및 사용기준 - 고용노동부 고시 기준)
B6: 1. 현장 개요
B7: 현장(사업장)명 | D7: 공사명
B8: 시공사 | D8: 공사기간
B9: 도급금액 | D9: 관리책임자
B10: 산업안전보건관리비 계상총액 | C10: 0
B12: 2. 사용 가능 항목 (7개 항목 + 본사 사용분)
B13: 1. 안전관리자 등 인건비·업무수당 | C13: 전담 안전·보건관리자 임금, 겸임 관리감독자 업무수당(월급여 20% 이내) 등
B14: 2. 안전시설비 등 | C14: 안전난간·추락방호망·방호장치 설치비, 스마트 안전장비(총액 10% 이내) 등
B15: 3. 보호구 등 | C15: 안전인증 대상 보호구(안전모·안전화·마스크 등) 구입·수리·관리비
B16: 4. 안전보건진단비 등 | C16: 유해위험방지계획서 작성비, 안전보건진단비, 작업환경측정비 등
B17: 5. 안전보건교육비 등 | C17: 법정 안전보건교육 실시비용, 교육장 설치·운영비
B18: 6. 근로자 건강장해예방비 등 | C18: 휴게시설·위생시설 설치비, 감염병·폭염한파 예방 물품 등
B19: 7. 건설재해예방 기술지도비 | C19: 건설재해예방전문지도기관 기술지도 대가
B20: 8. 본사 사용분 | C20: 본사 안전전담부서 인건비 등 (총액의 20% 한도, 해당 기업만)
B22: 3. 사용 불가 항목 (예시)
B23: - 공사 수행에 직접 필요한 통상적인 시설물(작업발판, 비계, 거푸집 등 본공사용 자재·장비) - 일반 작업복·방한복 (혹한기 옥외작업자용 등 예외 인정 항목 제외) - 품질관리·환경관리 목적 비용, 민원 처리·홍보 목적 비용
B27: 4. 구성
B28: ① 집행내역 관리대장 | C28: 항목별 집행 건별 상세 기록 (일자·항목·내역·금액·증빙)
B29: ② 항목별 집행현황 | C29: 항목별 집행누계·집행률 자동 집계 및 예산 대비 잔액 확인
B31: ※ 노란색 셀에 현장 정보 및 계상총액을 입력하세요. 최신 고용노동부 고시 기준을 반드시 확인하여 사용하십시오.

Sheet 집행내역 관리대장
A1: 산업안전보건관리비 집행내역 관리대장
A2: 현장(사업장)명: | D2: =IF(안내!C7="","",안내!C7) | G2: 계상총액: | I2: =IF(안내!$C$10=0,"",안내!$C$10)
A3: No | B3: 집행일자 | C3: 사용항목 | D3: 세부 사용내역 | E3: 규격/수량 | F3: 단가 | G3: 집행금액 | H3: 구입처 (지급처) | I3: 증빙자료 (세금계산서 등) | J3: 비고
A4: 1 | B4: 2026-03-05 | C4: 2. 안전시설비 등 | D4: 3층 개구부 안전난간 및 추락방호망 설치 | E4: 10조 | F4: 250000 | G4: =F4 -> 250000 | H4: ㈜한국안전산업 | I4: 세금계산서
A5: 2 | B5: 2026-03-10 | C5: 3. 보호구 등 | D5: 안전모(KCs 인증) 구입 | E5: 50개 | F5: 18000 | G5: =F5 -> 18000 | H5: 안전보호구마트 | I5: 카드영수증
A6: 3 | B6: 2026-03-15 | C6: 5. 안전보건교육비 등 | D6: 신규 채용자 정기 안전보건교육 실시 | E6: 1식 | F6: 300000 | G6: =F6 -> 300000 | H6: 대한산업안전교육원 | I6: 세금계산서
A7: 4 | B7: 2026-03-20 | C7: 6. 근로자 건강장해예방비 등 | D7: 근로자 휴게시설 냉난방기 설치 | E7: 1대 | F7: 850000 | G7: =F7 -> 850000 | H7: ㈜에어컴 | I7: 세금계산서
A8: 5 | B8: 2026-03-25 | C8: 7. 건설재해예방 기술지도비 | D8: 건설재해예방 기술지도 대가 지급(3월분) | E8: 1식 | F8: 400000 | G8: =F8 -> 400000 | H8: 한국건설안전기술협회 | I8: 세금계산서
A9: 6 | G9: =IF(F9="","",F9)
A10: 7 | G10: =IF(F10="","",F10)
A11: 8 | G11: =IF(F11="","",F11)
A12: 9 | G12: =IF(F12="","",F12)
A13: 10 | G13: =IF(F13="","",F13)
A14: 11 | G14: =IF(F14="","",F14)
A15: 12 | G15: =IF(F15="","",F15)
A16: 13 | G16: =IF(F16="","",F16)
A17: 14 | G17: =IF(F17="","",F17)
A18: 15 | G18: =IF(F18="","",F18)
A19: 16 | G19: =IF(F19="","",F19)
A20: 17 | G20: =IF(F20="","",F20)
... A48: 45 | G48: =IF(F48="","",F48)
A50: 합계 | G50: =SUM(G4:G48) -> 1818000
A51: ※ 회색 음영(1~5행)은 작성 예시입니다. 노란색 셀에 직접 입력하십시오. '사용항목'은 드롭다운 목록에서 선택하고, '집행금액'은 단가×수량을 반영하여 직접 입력하거나 단가 입력 시 자동 표시됩니다.

Sheet 항목별 집행현황
A1: 항목별 집행현황
B3: 산업안전보건관리비 계상총액 | C3: =IF(안내!$C$10=0,"",안내!$C$10)
B4: 집행누계 | C4: ='집행내역 관리대장'!G50 -> 1818000
B5: 잔액 | C5: =IF(안내!$C$10=0,"",안내!$C$10-C4)
B7: 사용항목 | C7: 집행건수 | D7: 집행금액 | E7: 구성비 | F7: 비고
B8: 1. 안전관리자 등 인건비·업무수당 | C8: =COUNTIF('집행내역 관리대장'!$C$4:$C$48,B8) -> 0 | D8: =SUMIF('집행내역 관리대장'!$C$4:$C$48,B8,'집행내역 관리대장'!$G$4:$G$48) -> 0 | E8: =IFERROR(D8/SUM($D$8:$D$15),0) -> 0
B9: 2. 안전시설비 등 | C9: =COUNTIF('집행내역 관리대장'!$C$4:$C$48,B9) -> 1 | D9: =SUMIF('집행내역 관리대장'!$C$4:$C$48,B9,'집행내역 관리대장'!$G$4:$G$48) -> 250000 | E9: =IFERROR(D9/SUM($D$8:$D$15),0) -> 0.13751375
B10: 3. 보호구 등 | C10: =COUNTIF('집행내역 관리대장'!$C$4:$C$48,B10) -> 1 | D10: =SUMIF('집행내역 관리대장'!$C$4:$C$48,B10,'집행내역 관리대장'!$G$4:$G$48) -> 18000 | E10: =IFERROR(D10/SUM($D$8:$D$15),0) -> 0.0099009901
B11: 4. 안전보건진단비 등 | C11: =COUNTIF('집행내역 관리대장'!$C$4:$C$48,B11) -> 0 | D11: =SUMIF('집행내역 관리대장'!$C$4:$C$48,B11,'집행내역 관리대장'!$G$4:$G$48) -> 0 | E11: =IFERROR(D11/SUM($D$8:$D$15),0) -> 0
B12: 5. 안전보건교육비 등 | C12: =COUNTIF('집행내역 관리대장'!$C$4:$C$48,B12) -> 1 | D12: =SUMIF('집행내역 관리대장'!$C$4:$C$48,B12,'집행내역 관리대장'!$G$4:$G$48) -> 300000 | E12: =IFERROR(D12/SUM($D$8:$D$15),0) -> 0.1650165
B13: 6. 근로자 건강장해예방비 등 | C13: =COUNTIF('집행내역 관리대장'!$C$4:$C$48,B13) -> 1 | D13: =SUMIF('집행내역 관리대장'!$C$4:$C$48,B13,'집행내역 관리대장'!$G$4:$G$48) -> 850000 | E13: =IFERROR(D13/SUM($D$8:$D$15),0) -> 0.46754675
B14: 7. 건설재해예방 기술지도비 | C14: =COUNTIF('집행내역 관리대장'!$C$4:$C$48,B14) -> 1 | D14: =SUMIF('집행내역 관리대장'!$C$4:$C$48,B14,'집행내역 관리대장'!$G$4:$G$48) -> 400000 | E14: =IFERROR(D14/SUM($D$8:$D$15),0) -> 0.220022
B15: 8. 본사 사용분 | C15: =COUNTIF('집행내역 관리대장'!$C$4:$C$48,B15) -> 0 | D15: =SUMIF('집행내역 관리대장'!$C$4:$C$48,B15,'집행내역 관리대장'!$G$4:$G$48) -> 0 | E15: =IFERROR(D15/SUM($D$8:$D$15),0) -> 0
B16: 합계 | C16: =SUM(C8:C15) -> 5 | D16: =SUM(D8:D15) -> 1818000 | E16: =IFERROR(D16/D16,0) -> 1
B18: ※ 본 표는 '집행내역 관리대장' 시트의 데이터를 항목별로 자동 집계합니다. 관리대장에 항목·금액을 입력하면 이 표가 자동으로 갱신됩니다.
